{
  "Total" : {
    "transaction" : "Total",
    "sampleCount" : 2500,
    "errorCount" : 0,
    "errorPct" : 0.0,
    "meanResTime" : 998.8859999999986,
    "medianResTime" : 628.5,
    "minResTime" : 562.0,
    "maxResTime" : 11275.0,
    "pct1ResTime" : 1581.7000000000012,
    "pct2ResTime" : 3002.5999999999985,
    "pct3ResTime" : 7353.149999999981,
    "throughput" : 2.6299649793863344,
    "receivedKBytesPerSec" : 12.230364484216528,
    "sentKBytesPerSec" : 0.3236089720729279
  },
  "HTTP Request" : {
    "transaction" : "HTTP Request",
    "sampleCount" : 2500,
    "errorCount" : 0,
    "errorPct" : 0.0,
    "meanResTime" : 998.8859999999986,
    "medianResTime" : 628.5,
    "minResTime" : 562.0,
    "maxResTime" : 11275.0,
    "pct1ResTime" : 1581.7000000000012,
    "pct2ResTime" : 3002.5999999999985,
    "pct3ResTime" : 7353.149999999981,
    "throughput" : 2.6299649793863344,
    "receivedKBytesPerSec" : 12.230364484216528,
    "sentKBytesPerSec" : 0.3236089720729279
  }
}