{
  "Total" : {
    "transaction" : "Total",
    "sampleCount" : 2500,
    "errorCount" : 2,
    "errorPct" : 0.08,
    "meanResTime" : 3949.474800000002,
    "medianResTime" : 1255.5,
    "minResTime" : 560.0,
    "maxResTime" : 48368.0,
    "pct1ResTime" : 11400.900000000007,
    "pct2ResTime" : 16709.04999999999,
    "pct3ResTime" : 33829.92999999991,
    "throughput" : 2.7778456806721943,
    "receivedKBytesPerSec" : 12.913696744531533,
    "sentKBytesPerSec" : 0.34153178605477025
  },
  "HTTP Request" : {
    "transaction" : "HTTP Request",
    "sampleCount" : 2500,
    "errorCount" : 2,
    "errorPct" : 0.08,
    "meanResTime" : 3949.474800000002,
    "medianResTime" : 1255.5,
    "minResTime" : 560.0,
    "maxResTime" : 48368.0,
    "pct1ResTime" : 11400.900000000007,
    "pct2ResTime" : 16709.04999999999,
    "pct3ResTime" : 33829.92999999991,
    "throughput" : 2.7778456806721943,
    "receivedKBytesPerSec" : 12.913696744531533,
    "sentKBytesPerSec" : 0.34153178605477025
  }
}